# FINAL TIMESERIES OF HAT-P-32 b,,,,,
# BJD_TDB,Orbital Phase,Flux,Uncertainty,Model,Airmass
2458107.57,-0.06685364042,0.9990109388,0.005908767999,1,1.017638535
2458107.572,-0.06605111069,0.9979205592,0.005908800915,1,1.018126477
2458107.574,-0.06508188698,1.001513935,0.005908839291,1,1.018695636
2458107.576,-0.06411343822,0.9931332304,0.00590887626,1,1.019244239
2458107.578,-0.0631451833,0.9983934697,0.005908912181,1,1.019777558
2458107.58,-0.06217633104,0.9911212753,0.00590894693,1,1.02029374
2458107.582,-0.06120773694,0.9991364718,0.005908980543,1,1.0207933
2458107.584,-0.06023928276,0.9934010962,0.005909012985,1,1.021275675
2458107.586,-0.05926537062,1.000179595,0.005909044502,1,1.021744522
2458107.588,-0.05829666889,0.995205838,0.005909074642,1,1.022193088
2458107.59,-0.05732828488,1.005479585,0.005909103793,1,1.022627106
2458107.592,-0.05635992254,1.003455803,0.005909131789,1,1.023044113
2458107.595,-0.05539154373,1.000820595,0.005909158738,1,1.023445664
2458107.597,-0.05442315453,0.9893693678,0.005909184612,1,1.023831363
2458107.599,-0.05345493729,0.9880001006,0.005909209452,1,1.02420178
2458107.601,-0.05248667198,0.9979269872,0.00590923312,1,1.024554831
2458107.603,-0.05151860007,0.9959321332,0.00590925595,1,1.024895507
2458107.605,-0.050544984,0.989566623,0.005909277857,1,1.025222518
2458107.607,-0.04957689066,1.002194588,0.005909298601,1,1.025532258
2458107.609,-0.04860860888,1.002278525,0.005909318393,1,1.025827868
2458107.611,-0.04764012286,0.9999741888,0.005909337218,1,1.026109114
2458107.613,-0.04667103928,0.9969020808,0.005909355013,1,1.026375039
2458107.615,-0.04570245082,1.006251138,0.005909371872,1,1.026627041
2458107.617,-0.04473377616,1.004184369,0.005909387784,1,1.026864953
2458107.619,-0.04376524163,1.001913082,0.005909402742,1,1.02708864
2458107.622,-0.04279706251,1.003082007,0.005909416691,1,1.027297286
2458107.624,-0.04182908786,1.000406035,0.005909429768,1,1.027492924
2458107.626,-0.04086095704,0.9974405788,0.005909441963,1,1.027675401
2458107.628,-0.03988742154,1.002064086,0.005909453223,1,1.02784391
2458107.63,-0.03891886557,1.001860952,0.005909463541,1,1.027998357
2458107.632,-0.03795048199,1.010748346,0.005909472955,1,1.028139295
2458107.634,-0.03698207135,1.005004454,0.005909481415,1,1.02826595
2458107.636,-0.03601349372,1.000208422,0.005909488996,1,1.028379469
2458107.638,-0.03504472246,1.015646161,0.005909495687,1,1.028479665
2458107.64,-0.03407646255,1.003643537,0.005909501432,1,1.028565708
2458107.642,-0.03310805169,0.9953397969,0.00590950634,1,1.02863922
2458107.644,-0.03213990507,1.009576886,0.005909510309,1,1.028698675
2458107.647,-0.03117160206,0.9981820303,0.005909513399,1,1.028744965
2458107.649,-0.0301975825,0.9989518468,0.005909515625,0.999938587,1.028778305
2458107.651,-0.02922970487,1.002309003,0.005909516915,0.9989233238,1.02879764
2458107.653,-0.02826091758,1.005526784,0.005909517358,0.9971288585,1.028804276
2458107.655,-0.02729293773,1.000639275,0.005909516875,0.994776831,1.028797037
2458107.657,-0.02632427952,0.9919697377,0.005909515544,0.9920083983,1.028777095
2458107.659,-0.02535538459,0.9867738139,0.005909513277,0.9889571731,1.028743143
2458107.661,-0.02438734539,0.9829422646,0.005909510146,0.9857726756,1.028696232
2458107.663,-0.02341873051,0.9804268347,0.005909506134,0.982632174,1.028636144
2458107.665,-0.02245078292,0.9717272999,0.005909501183,0.9798169094,1.028561984
2458107.667,-0.02147764616,0.9755057577,0.005909495352,0.9780090358,1.02847465
2458107.669,-0.02050963945,0.9821062764,0.005909488615,0.9768679878,1.028373763
2458107.672,-0.01954198815,0.9751813136,0.005909480986,0.9759147853,1.02825953
2458107.674,-0.01857402974,0.9780068071,0.005909472521,0.9750908917,1.028132786
2458107.676,-0.01760595848,0.978721066,0.005909463055,0.9743679744,1.027991089
2458107.678,-0.01663247735,0.973488378,0.00590945264,0.9737248774,1.027835183
2458107.68,-0.01566806661,0.9709088208,0.005909441416,0.9731582391,1.027667208
2458107.682,-0.0146948653,0.9743242826,0.005909429164,0.9726481665,1.027483889
2458107.684,-0.01372705785,0.9684542032,0.005909416029,0.9721951884,1.027287374
2458107.686,-0.01275933638,0.9675569293,0.00590940197,0.9717905934,1.027077092
2458107.688,-0.01179125451,0.9689015608,0.005909387046,0.9714295172,1.026853909
2458107.69,-0.01082316723,0.9729927663,0.005909371068,0.9711082261,1.026615017
2458107.692,-0.009854832388,0.972570045,0.005909354191,0.9708233989,1.026362761
2458107.694,-0.008881179067,0.9734148556,0.005909336169,0.9705710917,1.026093433
2458107.697,-0.007913377028,0.9688308056,0.00590931732,0.9703518499,1.02581184
2458107.699,-0.00694560726,0.9735896919,0.005909297504,0.9701621166,1.02551587
2458107.701,-0.005977837709,0.9628178325,0.005909276791,0.9700002487,1.025206597
2458107.703,-0.005010154143,0.9756679418,0.005909254973,0.9698648957,1.024880933
2458107.705,-0.004036667809,0.9782652947,0.005909232003,0.9697543401,1.024538162
2458107.707,-0.003068887429,0.9660249336,0.005909208128,0.9696689915,1.024182027
2458107.709,-0.002100767875,0.9644063591,0.005909183256,0.9696073866,1.023811144
2458107.711,-0.001115369105,0.9824178678,0.005909156843,0.9695688257,1.02341743
2458107.713,-0.000163048404,0.9705886076,0.005909130302,0.9695541872,1.023021955
2458107.715,0.0008049362167,0.9617708532,0.005909102402,0.9695619935,1.02260639
2458107.717,0.00177268974,0.957838648,0.005909073217,0.9695927095,1.022171873
2458107.719,0.002746019916,0.9654815218,0.005909042763,0.9696471314,1.021718655
2458107.722,0.003713730122,0.9731960785,0.005909011417,0.9697249412,1.02125236
2458107.724,0.004681941292,0.979505452,0.005908978937,0.9698270524,1.02076942
2458107.726,0.005649834513,0.9794893779,0.005908945433,0.9699542193,1.020271505
2458107.728,0.006617878695,0.9670815268,0.005908910647,0.9701075434,1.019754784
2458107.73,0.007603713453,0.9750661254,0.00590887406,0.970291878,1.019211575
2458107.732,0.008555296246,0.9720468779,0.005908837439,0.9704983163,1.01866816
2458107.734,0.009528389476,0.9713327979,0.005908798852,0.9707402344,1.018095884
2458107.736,0.01049608907,0.9781672869,0.005908759135,0.9710139015,1.017507179
2458107.738,0.01146364853,0.9656655857,0.005908718258,0.9713231205,1.016901624
2458107.74,0.01243128878,0.9617768739,0.005908676277,0.9716710406,1.016280099
2458107.742,0.01340440909,0.9798312525,0.00590863253,0.9720636531,1.015632814
2458107.744,0.01437135474,0.9775764562,0.005908587688,0.972500653,1.014969757
2458107.747,0.01533941474,0.9753200353,0.005908541537,0.9729903788,1.014287804
2458107.749,0.01630802399,0.9661153237,0.005908494238,0.9735394046,1.013589341
2458107.751,0.0172762618,0.9752019496,0.005908445263,0.9741558015,1.01286663
2458107.753,0.01824414939,0.9733774999,0.005908394859,0.9748508497,1.01212336
2458107.755,0.01921746874,0.976609623,0.005908342666,0.9756453595,1.011354285
2458107.757,0.02018547502,0.9743594924,0.005908289375,0.9765550368,1.010569628
2458107.759,0.02115361016,0.9666371232,0.005908234528,0.9776287723,1.009762691
2458107.761,0.02212158439,0.9740462742,0.00590817842,0.9790825684,1.008937849
2458107.763,0.02308929979,0.9740716738,0.005908120443,0.981696426,1.008086231
2458107.765,0.02406159599,0.9823791644,0.005908060408,0.9847893755,1.007205143
2458107.767,0.02502912318,0.987426742,0.005907999217,0.9879845098,1.006307863
2458107.769,0.02599699474,0.9965907719,0.005907936607,0.9910957199,1.005390602
2458107.772,0.0269695333,1.002634136,0.005907871518,0.993980571,1.004437892
2458107.774,0.02793703883,1.003359316,0.00590780503,0.9964750071,1.00346564
2458107.776,0.02890418353,0.9986547813,0.005907737122,0.9984552187,1.002473563
2458107.778,0.02987180754,0.9998157411,0.005907667072,0.999740584,1.001451225
2458107.78,0.03084408229,1.002768527,0.005907594661,1,1.000395504
2458107.782,0.03181127009,0.9907192168,0.005907520674,1,0.9993179343
2458107.784,0.03277835566,0.9927887562,0.00590744508,1,0.9982181608
2458107.786,0.03375092129,0.9869110391,0.005907366618,1,0.997077923
2458107.788,0.03471808765,1.002932364,0.005907286583,1,0.9959161455
2458107.79,0.03568509785,1.005297689,0.005907204789,1,0.9947302283
2458107.792,0.03665765243,0.9958385403,0.005907119871,1,0.9935004784
2458107.794,0.03762480775,0.98969248,0.005907033052,1,0.9922447553
2458107.797,0.03859194725,1.006041698,0.005906944466,1,0.9909650962
2458107.799,0.03956428654,0.9956409666,0.005906852465,1,0.9896378355
2458107.801,0.04053118369,0.9996762628,0.005906759107,1,0.9882927995
2458107.803,0.04150327542,0.991945958,0.005906662127,1,0.986897489
2458107.805,0.04247032331,0.9988903053,0.005906563108,1,0.9854748358
2458107.807,0.04343710718,0.9972743476,0.00590646201,1,0.9840244145
2458107.809,0.04440951643,1.001588418,0.005906356944,1,0.9825193079
2458107.811,0.04537634882,1.003813717,0.005906249619,1,0.9809841906
2458107.813,0.04634335902,1.000281086,0.00590613999,1,0.9794185522
2458107.815,0.04731606976,0.9955556538,0.005906026223,1,0.9777964462
2458107.817,0.04828313887,1.005349506,0.005905909957,1,0.976141432
2458107.819,0.04925004684,0.9968537195,0.005905790899,1,0.9744495568
2458107.822,0.05022229994,0.9996264803,0.005905667518,1,0.9726993162
2458107.824,0.05118928826,1.006712673,0.005905541856,1,0.9709198978
2458107.826,0.05216154136,1.009507115,0.00590541158,1,0.9690785445
2458107.828,0.05312876165,0.9965795154,0.005905278052,1,0.9671948097
2458107.83,0.05409595984,1.003184518,0.005905141719,1,0.9652752322
2458107.832,0.05506804617,1.004029271,0.00590500001,1,0.9632839519
2458107.834,0.05603492143,1.009029474,0.005904854951,1,0.9612498077
2458107.836,0.05700160308,0.9918577985,0.005904706454,1,0.9591718443
2458107.838,0.05797403377,1.001663309,0.005904551981,1,0.9570149786
2458107.84,0.05894098463,0.9981892491,0.005904394994,1,0.9548279141
2458107.842,0.05991325916,0.9906904724,0.005904231605,1,0.9525569196
2458107.844,0.06088030683,1.005524499,0.005904064145,1,0.9502348688
2458107.847,0.06184747839,1.007509031,0.005903892838,1,0.9478652639
2458107.849,0.06281508594,0.9985864907,0.005903715455,1,0.9454177711
2458107.851,0.06378732798,1.003903412,0.005903531698,1,0.942888907
2458107.853,0.06475467173,1.0090837,0.005903344281,1,0.9403165764
2458107.855,0.06572169774,1.0013008,0.00590315003,1,0.9376577529
2458107.857,0.06669399935,0.9878495857,0.005902948998,1,0.9349139538
2458107.859,0.067663507,0.9977487803,0.005902742527,1,0.9321041648
2458107.861,0.06863049533,0.9976931047,0.005902529565,1,0.9292148006
2458107.863,0.0695973654,1.006317506,0.005902311172,1,0.9262609362