# FINAL TIMESERIES OF WASP-12 b,,,,,
# BJD_TDB,Orbital Phase,Flux,Uncertainty,Model,Airmass
2461014.871,-0.05072903565,0.9975332669,0.03558754652,0.9986522583,1.010604329
2461014.873,-0.04881552772,1.025554157,0.03558726045,0.9973320793,1.010618314
2461014.875,-0.04690265637,0.9722109109,0.03558705109,0.9957893816,1.01062855
2461014.877,-0.04499929775,0.9938895513,0.03558691756,0.9941533162,1.010635078
2461014.879,-0.04308612944,1.003700876,0.03558686012,0.9925511895,1.010637887
2461014.881,-0.04118519936,0.9487891049,0.03558687881,0.9912368975,1.010636973
2461014.884,-0.03927226443,0.998551961,0.03558697319,0.9905634594,1.010632358
2461014.886,-0.03735970069,0.9851101373,0.03558714403,0.9900476704,1.010624006
2461014.888,-0.03544610786,1.001116407,0.03558739095,0.9896093601,1.010611934
2461014.89,-0.03354433001,0.9961035971,0.03558771379,0.9892300502,1.010596151
2461014.892,-0.03163244466,0.9865642009,0.03558811599,0.9888938953,1.010576489
2461014.894,-0.02973069838,0.9932035654,0.03558859038,0.9885971154,1.010553298
2461014.896,-0.02781894059,0.9984676064,0.0355891436,0.9883313138,1.010526255
2461014.898,-0.02589598435,1.014170227,0.03558977857,0.9880928762,1.010495216
2461014.9,-0.02399338945,1.000196019,0.03559048373,0.9878824363,1.010460749
2461014.902,-0.02209168541,0.9949896486,0.03559127047,0.9876949735,1.010422296
2461014.904,-0.02017913234,0.9924161751,0.03559213516,0.9875275071,1.010380037
2461014.906,-0.01827739673,0.9854918013,0.03559307973,0.9873802889,1.010333876
2461014.909,-0.01636365627,0.9578175198,0.03559410451,0.9872501883,1.010283799
2461014.911,-0.0144620798,1.005500547,0.03559520944,0.9871377011,1.010229811
2461014.913,-0.01254949516,1.010775104,0.03559639593,0.9870404781,1.010171841
2461014.915,-0.01063608366,1.01335764,0.03559766343,0.9869583824,1.01010992
2461014.917,-0.008733817707,1.01029628,0.03559901314,0.9868911516,1.010043989
2461014.919,-0.006818518674,0.9483382586,0.03560044863,0.9868374226,1.009973876
2461014.921,-0.004916581252,0.9591195157,0.03560196673,0.9867975224,1.009899736
2461014.923,-0.003003880559,1.017984536,0.03560356844,0.9867706128,1.009821522
2461014.925,-0.001091263917,0.9360799601,0.03560526026,0.9867567548,1.009738918
2461014.927,0.0008103334592,0.9852691276,0.03560703558,0.9867558109,1.009652249
2461014.929,0.002723702297,1.003289988,0.03560890117,0.9867677705,1.009561185
2461014.931,0.004636753275,1.005065703,0.03561085873,0.9867927638,1.009465647
2461014.934,0.006538764082,0.9774151162,0.03561290348,0.9868307212,1.009365868
2461014.936,0.008451772395,0.9935889625,0.03561504325,0.9868823711,1.009261469
2461014.938,0.01035457892,0.984522404,0.03561727641,0.986947543,1.009152532
2461014.94,0.01226551922,0.9944832559,0.03561960455,0.9870273527,1.009038981
2461014.942,0.01419201714,0.9622640578,0.03562204093,0.9871230252,1.008920173
2461014.944,0.01608346564,0.9742548106,0.0356245525,0.9872325875,1.008797722
2461014.946,0.01799666466,0.9799198639,0.0356271759,0.9873601009,1.008669843
2461014.948,0.01991879319,0.9927601431,0.03562991446,0.9875062498,1.008536378
2461014.95,0.0218098914,0.9794912277,0.03563272665,0.9876690155,1.008399354
2461014.952,0.02372138295,1.002358074,0.03563566249,0.9878542717,1.008256336
2461014.954,0.02563364888,1.019642871,0.03563870685,0.9880624151,1.008108065
2461014.959,0.02944901743,0.9857223207,0.03564512536,0.9885560089,1.007795576
2461014.961,0.03135145191,0.9817593444,0.03564850414,0.9888478279,1.007631139
2461014.963,0.03326542489,1.033667456,0.03565200109,0.989178398,1.007460996
2461014.965,0.03517757391,0.9698337244,0.03565561899,0.9895527211,1.007285016
2461014.967,0.03709076228,0.9503578375,0.03565935482,0.9899820225,1.00710335
2461014.969,0.03899309094,0.9575870339,0.03566322337,0.9904819363,1.006915285
2461014.971,0.04089580147,0.9969670961,0.03566721573,0.9911057171,1.00672126
2461014.973,0.04280822569,0.9654702837,0.03567133464,0.992333428,1.006521146
2461014.975,0.04472085214,1.024502532,0.03567559654,0.9939135075,1.006314151
2461014.977,0.04662252333,1.000044899,0.03567997072,0.9955518751,1.006101774
2461014.979,0.04853395088,0.986080843,0.03568453068,0.9971161172,1.005880451
2461014.981,0.05044656581,1.021235874,0.03568921735,0.9984761233,1.005653058
2461014.984,0.05234942481,0.9828690528,0.03569404829,0.9995009757,1.005418751
2461014.986,0.05426254918,1.001175278,0.03569903513,1,1.005176973
2461014.988,0.05617523835,0.9288022104,0.03570417428,1,1.004927907
2461014.99,0.05807724873,1.065772543,0.03570948678,1,1.004670542
2461014.994,0.06189413319,1.053382467,0.03572060141,1,1.004132428
2461014.996,0.06380791461,1.012210661,0.0357264221,1,1.003850802
2461014.998,0.06572073135,0.9398533217,0.03573241927,1,1.003560767
2461015,0.06763374948,1.025425245,0.03573861801,1,1.003261124
2461015.002,0.06954567494,0.9947963158,0.03574499494,1,1.002953014
2461015.004,0.07144790803,0.9593292218,0.03575158662,1,1.002634686
2461015.006,0.07335192242,0.9999175423,0.03575836839,1,1.002307344
2461015.009,0.07527547086,0.9978798443,0.03576541324,1,1.001967483
2461015.011,0.07717773553,0.9985379488,0.03577259374,1,1.001621266
2461015.013,0.07908012734,0.9757218412,0.03578005336,1,1.00126179
2461015.015,0.08099262537,1.01051518,0.03578773088,1,1.000892027
2461015.017,0.08289409433,0.9663338014,0.03579567145,1,1.000509822
2461015.021,0.08672111658,1.012860031,0.03581229,1,0.9997106638
2461015.023,0.08862342306,0.9562654593,0.03582101346,1,0.9992915715
2461015.027,0.09243707176,0.9804518061,0.03583929966,1,0.9984139665
2461015.031,0.09626194068,1.050147933,0.03585880945,1,0.9974789808
2461015.034,0.09817250894,1.031312408,0.0358691089,1,0.9969859492